labels,theta,radius,X,Y,Z,sph_theta,sph_phi,sph_radius,type,urchan
FC5,-69.332,0.40823333,28.76282344,76.24736451,24.16690699,69.332,16.518,85,,9
FC3,-62.425,0.28822222,30.95528495,59.27497818,52.47139502,62.425,38.12,85,,10
FC1,-44.925,0.18118333,32.4361839,32.35137713,71.59806123,44.925,57.387,85,,11
FCz,0,0.12662222,32.92788364,0,78.36296625,0,67.208,85,,47
FC2,44.925,0.18118333,32.4361839,-32.35137713,71.59806123,-44.925,57.387,85,,46
FC4,62.425,0.28822222,30.95528495,-59.27497818,52.47139502,-62.425,38.12,85,,45
FC6,69.332,0.40823333,28.76282344,-76.24736451,24.16690699,-69.332,16.518,85,,44
C5,-90,0.3999,4.95E-15,80.83154805,26.2918398,90,18.018,85,,14
C3,-90,0.26668889,3.87E-15,63.17128071,56.87169149,90,41.996,85,,13
C1,-90,0.13318889,2.11E-15,34.53737403,77.66704446,90,66.026,85,,12
Cz,0,0,5.2E-15,0,85,0,90,85,,48
C2,90,0.13348333,2.12E-15,-34.60920316,77.63506332,-90,65.973,85,,49
C4,90,0.26666667,3.87E-15,-63.16731017,56.87610154,-90,42,85,,50
C6,90,0.3999,4.95E-15,-80.83154805,26.2918398,-90,18.018,85,,51
CP5,-110.668,0.40823333,-28.76282344,76.24736451,24.16690699,110.668,16.518,85,,17
CP3,-117.575,0.28822222,-30.95528495,59.27497818,52.47139502,117.575,38.12,85,,18
CP1,-135.075,0.18118333,-32.4361839,32.35137713,71.59806123,135.075,57.387,85,,19
CPz,180,0.12662222,-32.92788364,-4.03E-15,78.36296625,-180,67.208,85,,32
CP2,135.075,0.18118333,-32.4361839,-32.35137713,71.59806123,-135.075,57.387,85,,56
CP4,117.575,0.28822222,-30.95528495,-59.27497818,52.47139502,-117.575,38.12,85,,55
CP6,110.668,0.40823333,-28.76282344,-76.24736451,24.16690699,-110.668,16.518,85,,54
Fp1,-17.926,0.51498889,80.78401377,26.1330144,-4.00108454,17.926,-2.698,85,,1
Fpz,0,0.50668889,84.98123361,0,-1.7860385,0,-1.204,85,,33
Fp2,17.926,0.51498889,80.78401377,-26.1330144,-4.00108454,-17.926,-2.698,85,,34
AF7,-35.892,0.52233333,68.69107635,49.70943131,-5.95889823,35.892,-4.02,85,,2
AF3,-22.461,0.42112778,76.15276677,31.4827968,20.84681317,22.461,14.197,85,,3
AFz,0,0.37994444,79.02553886,0,31.30438001,0,21.61,85,,37
AF4,22.461,0.42112778,76.15276677,-31.4827968,20.84681317,-22.461,14.197,85,,36
AF8,35.858,0.52231111,68.72089942,-49.66890403,-5.95297869,-35.858,-4.016,85,,35
F7,-53.913,0.52808333,49.87137795,68.42333503,-7.48951836,53.913,-5.055,85,,7
F5,-49.405,0.43159444,54.03788811,63.05822186,18.12642556,49.405,12.313,85,,6
F3,-39.947,0.34459444,57.55106339,48.20042732,39.86971167,39.947,27.973,85,,5
F1,-23.493,0.27902778,59.91273024,26.04209339,54.38082499,23.493,39.775,85,,4
Fz,0,0.25337778,60.73848095,0,59.46290383,0,44.392,85,,38
F2,23.493,0.27878333,59.87441277,-26.02543804,54.43097712,-23.493,39.819,85,,39
F4,39.897,0.3445,57.58402611,-48.14259647,39.89198344,-39.897,27.99,85,,40
F6,49.405,0.43128333,54.02633405,-63.04473912,18.20758354,-49.405,12.369,85,,41
F8,53.867,0.52806667,49.92652681,-68.3835903,-7.48508507,-53.867,-5.052,85,,42
FT7,-71.948,0.53191667,26.20750353,80.41001431,-8.50860488,71.948,-5.745,85,,8
FT8,71.948,0.53191667,26.20750353,-80.41001431,-8.50860488,-71.948,-5.745,85,,43
T7,-90,0.53318333,5.18E-15,84.53853864,-8.84508251,90,-5.973,85,,15
T8,90,0.53318333,5.18E-15,-84.53853864,-8.84508251,-90,-5.973,85,,52
T9,90,,,,,-90,0.639,85,,
T10,-90,,,,,90,0.639,85,,
TP7,-108.052,0.53191667,-26.20750353,80.41001431,-8.50860488,108.052,-5.745,85,,16
TP8,108.107,0.53190556,-26.28477181,-80.38510212,-8.50565271,-108.107,-5.743,85,,53
P7,-126.087,0.52808333,-49.87137795,68.42333503,-7.48951836,126.087,-5.055,85,,23
P5,-130.595,0.43159444,-54.03788811,63.05822186,18.12642556,130.595,12.313,85,,22
P3,-140.053,0.34459444,-57.55106339,48.20042732,39.86971167,140.053,27.973,85,,21
P1,-156.507,0.27902778,-59.91273024,26.04209339,54.38082499,156.507,39.775,85,,20
Pz,180,0.25337778,-60.73848095,-7.44E-15,59.46290383,-180,44.392,85,,31
P2,156.507,0.27878333,-59.87441277,-26.02543804,54.43097712,-156.507,39.819,85,,57
P4,140.103,0.3445,-57.58402611,-48.14259647,39.89198344,-140.103,27.99,85,,58
P6,130.595,0.43128333,-54.02633405,-63.04473912,18.20758354,-130.595,12.369,85,,59
P8,126.133,0.52806667,-49.92652681,-68.3835903,-7.48508507,-126.133,-5.052,85,,60
PO7,-144.108,0.52233333,-68.69107635,49.70943131,-5.95889823,144.108,-4.02,85,,25
PO3,-157.539,0.42112778,-76.15276677,31.4827968,20.84681317,157.539,14.197,85,,26
POz,180,0.37994444,-79.02553886,-9.68E-15,31.30438001,-180,21.61,85,,30
PO4,157.539,0.42112778,-76.15276677,-31.4827968,20.84681317,-157.539,14.197,85,,63
PO8,144.142,0.52231111,-68.72089942,-49.66890403,-5.95297869,-144.142,-4.016,85,,62
O1,-162.074,0.51498889,-80.78401377,26.1330144,-4.00108454,162.074,-2.698,85,,27
Oz,180,0.50668889,-84.98123361,-1.04E-14,-1.7860385,-180,-1.204,85,,29
O2,162.074,0.51498889,-80.78401377,-26.1330144,-4.00108454,-162.074,-2.698,85,,64
Iz,180,0.6335,-77.63325108,-9.51E-15,-34.61326808,-180,-24.03,85,,28
